iteration,min_power_ratio,max_tilt_pct,f_resp_z0,clip
iter1,0.9511,0.326,0.12448,0.0
iter2,0.9513,0.3253,0.12336,0.0
iter3,0.9513,0.3253,0.12336,0.0
iter4,0.9513,0.3253,0.12336,0.0
